<?xml version="1.0" encoding="UTF-8"?>

<mule xmlns:dw="http://www.mulesoft.org/schema/mule/ee/dw" xmlns:metadata="http://www.mulesoft.org/schema/mule/metadata" xmlns:http="http://www.mulesoft.org/schema/mule/http" xmlns="http://www.mulesoft.org/schema/mule/core" xmlns:doc="http://www.mulesoft.org/schema/mule/documentation"
	xmlns:spring="http://www.springframework.org/schema/beans" 
	xmlns:xsi="http://www.w3.org/2001/XMLSchema-instance"
	xsi:schemaLocation="http://www.springframework.org/schema/beans http://www.springframework.org/schema/beans/spring-beans-current.xsd
http://www.mulesoft.org/schema/mule/core http://www.mulesoft.org/schema/mule/core/current/mule.xsd
http://www.mulesoft.org/schema/mule/http http://www.mulesoft.org/schema/mule/http/current/mule-http.xsd
http://www.mulesoft.org/schema/mule/ee/dw http://www.mulesoft.org/schema/mule/ee/dw/current/dw.xsd">
    <http:listener-config name="HTTP_Listener_Configuration" host="0.0.0.0" port="8081" doc:name="HTTP Listener Configuration"/>
    <flow name="api_conditional_list_reductionFlow">
        <http:listener config-ref="HTTP_Listener_Configuration" path="/" doc:name="HTTP"/>
        <dw:transform-message doc:name="Transform Message" metadata:id="9572785b-284a-4947-ac1d-b9f68feba9ec">
            <dw:input-payload doc:sample="C:\Ravikiran\Work\MS\dw\condition_List_Payload.json" mimeType="application/json"/>
            <dw:set-payload><![CDATA[%dw 1.0
%output application/json
%function reduceMapFor(data) data reduce (($$ splitBy ":")[0] ++ "," ++ ($ splitBy ":")[0])

---
payload.results map {
	
	"name":$.profile.firstName,
	"email":$.profile.email,
	tags: reduceMapFor($.data.interests.tags[0]),
	 	(contenttypes: reduceMapFor($.data.interests.contenttypes[0]))  when (sizeOf $.data.interests.contenttypes[0]) > 0
	 	

	
	
}]]></dw:set-payload>
        </dw:transform-message>
    </flow>
    <flow name="api_conditional_list_reductionFlow1">
        <dw:transform-message doc:name="Transform Message">
            <dw:set-payload><![CDATA[%dw 1.0
%output application/json
%function getName(p1) {
	name: 2 + p1
}
%var getSum= (p1,p2) -> {
	sum: p1 + p2
}
---
{
"ravi" :getName(5),
"kiran" : getSum(2,3)

}	
	]]></dw:set-payload>
        </dw:transform-message>
    </flow>
</mule>
